experiment,model,building_id,n_observations,MAE,RMSE,R2,NMAE
unseen,persistence,Bobcat_office_Alma,13965,1.0820091586108127,1.444962035838052,0.38728955947890786,0.23824776849927268
unseen,persistence,Bull_office_Yvonne,16745,8.528456255598686,15.21621418362056,0.884012788801997,0.051570247575755276
unseen,persistence,Bull_public_Jefferson,16806,2.498036415565869,5.745077937206918,0.7885814889999931,0.06477459191868229
unseen,persistence,Cockatoo_assembly_Heath,15768,12.609901376204974,24.35448518445141,0.811785214656805,0.09710270645305
unseen,persistence,Fox_lodging_Warren,17384,1.860048895536125,3.072145591884579,0.8274393408724039,0.051275233794831336
unseen,persistence,Gator_assembly_Enid,16568,0.07489318565910189,0.4885370672933919,0.9551308747450292,0.009525068279784077
unseen,persistence,Hog_parking_Cliff,17245,5.888719048999709,9.407932380687496,0.8418812320235798,0.05739765828483558
unseen,persistence,Lamb_education_Philomena,17312,4.4294887534658045,9.093737399989715,0.9378698147822419,0.11624835246844502
unseen,persistence,Panther_office_Lavinia,14055,1.0186524724297403,1.6078646026269274,0.8939391708161527,0.044337401366990596
unseen,persistence,Panther_retail_Kristina,14029,3.1372911326537887,5.181930633772144,0.9039826430947436,0.09760662794521367
unseen,persistence,Peacock_office_Burl,17435,2.348982041869802,3.6957546783039232,0.8256365511902487,0.03907534388566095
unseen,seasonal_naive,Bobcat_office_Alma,13965,1.2096642320085929,1.7041314718754679,0.1477861240306816,0.2663561593872757
unseen,seasonal_naive,Bull_office_Yvonne,16745,15.909166915497163,32.25023557796561,0.47897007963771365,0.096200256173866
unseen,seasonal_naive,Bull_public_Jefferson,16806,5.141616089491849,10.224696506987499,0.3303436174915686,0.13332315010464812
unseen,seasonal_naive,Cockatoo_assembly_Heath,15768,15.58388881278539,25.783836631025693,0.7890444717464189,0.1200039346572818
unseen,seasonal_naive,Fox_lodging_Warren,17384,2.5155142659917162,3.960951220606011,0.7131484557937526,0.06934418896863549
unseen,seasonal_naive,Gator_assembly_Enid,16568,1.8573060236600676,2.495409474265251,-0.17067461210568102,0.236215972603195
unseen,seasonal_naive,Hog_parking_Cliff,17245,10.875695273992461,16.935365033487006,0.4876294358725459,0.10600598122483995
unseen,seasonal_naive,Lamb_education_Philomena,17312,10.673142768022181,25.07665503552566,0.5275487071241804,0.28010800602491154
unseen,seasonal_naive,Panther_office_Lavinia,14055,2.055375112059765,3.1101159530096982,0.6031656739482272,0.0894613165624085
unseen,seasonal_naive,Panther_retail_Kristina,14029,6.904215361037851,13.100169829449154,0.38635046669626794,0.2148022454736009
unseen,seasonal_naive,Peacock_office_Burl,17435,4.5701150501864065,6.7469391407318415,0.41888409076727484,0.07602391759492501
unseen,linear_regression,Bobcat_office_Alma,13965,2.536714231203401,2.9594513312457367,-1.570187527338061,0.5585595094966682
unseen,linear_regression,Bull_office_Yvonne,16745,8.06493666807354,12.967204806523501,0.9157655739049725,0.04876741677396843
unseen,linear_regression,Bull_public_Jefferson,16806,3.6167369791051094,5.381798441667595,0.8144734717676774,0.09378272487900159
unseen,linear_regression,Cockatoo_assembly_Heath,15768,13.097875925982962,23.72765791314492,0.8213489495500166,0.10086036070029611
unseen,linear_regression,Fox_lodging_Warren,17384,3.153861056820132,3.9584001689406976,0.713517830431041,0.08694124301407397
unseen,linear_regression,Gator_assembly_Enid,16568,2.608271118263822,3.0103654171910446,-0.7036916436518217,0.33172524676325277
unseen,linear_regression,Hog_parking_Cliff,17245,6.092152503365602,9.071590746033285,0.8529848992505831,0.059380535002206004
unseen,linear_regression,Lamb_education_Philomena,17312,5.295973964655004,8.344052270264015,0.9476915486460163,0.13898855655186299
unseen,linear_regression,Panther_office_Lavinia,14055,2.4676524482281805,2.930093149473251,0.6477760170911528,0.10740591123326029
unseen,linear_regression,Panther_retail_Kristina,14029,3.4463892477611062,4.58029444646014,0.9249840951686984,0.10722321226721963
unseen,linear_regression,Peacock_office_Burl,17435,3.2098081259333062,4.253504021728761,0.7690367535544719,0.053395195915586655
unseen,xgboost,Bobcat_office_Alma,13965,1.0901632299002413,1.4230231503265391,0.40575390305169867,0.24004321475167276
unseen,xgboost,Bull_office_Yvonne,16745,7.188831941246382,12.346787959699128,0.92363315294454,0.0434697478511659
unseen,xgboost,Bull_public_Jefferson,16806,2.480524195527287,5.10136748424475,0.8333043066371439,0.06432049649416369
unseen,xgboost,Cockatoo_assembly_Heath,15768,12.772415108823655,23.70802799273802,0.8216444237413594,0.09835414552479717
unseen,xgboost,Fox_lodging_Warren,17384,1.8950856134697305,2.9866998258191693,0.8369047332982663,0.05224107717011066
unseen,xgboost,Gator_assembly_Enid,16568,0.4236766820412998,0.6572901727580133,0.9187792792458845,0.0538840655458926
unseen,xgboost,Hog_parking_Cliff,17245,6.016330379549127,9.164900414190155,0.8499449735250284,0.05864149272203681
unseen,xgboost,Lamb_education_Philomena,17312,3.937109881862608,7.794099786603355,0.9543595672267351,0.10332626691864918
unseen,xgboost,Panther_office_Lavinia,14055,1.04255576445035,1.5729224095653047,0.898498918568607,0.04537780511703721
unseen,xgboost,Panther_retail_Kristina,14029,2.841261562736958,4.630483881680367,0.9233310862544036,0.0883966289779797
unseen,xgboost,Peacock_office_Burl,17435,2.4518741129241057,3.6540134737920136,0.8295529579958734,0.04078695469744664
seen,persistence,Bear_education_Gavin,3453,3.240925340283811,4.169228175240569,0.7931128901111801,0.035881591780071984
seen,persistence,Bear_education_Mara,3174,5.711703465658474,8.741442994205544,0.9209222798515578,0.011475637295138062
seen,persistence,Bear_education_Merrill,2586,1.9570119876256766,3.142262664517862,0.8370345119867922,0.09702186383260379
seen,persistence,Bear_education_Nanette,3156,11.378835266159696,18.014636502394904,0.8570606501669943,0.09565580544711585
seen,persistence,Bear_education_Wm,3483,2.746355785242607,4.165458755305749,0.8954822850113356,0.055414775594325914
seen,persistence,Bear_education_Zandra,3408,7.889948620892019,13.115699046332159,0.8733377650561711,0.008552942761535853
seen,persistence,Bear_public_Lowell,3488,8.310335378440367,13.966202527986244,0.8813631537729029,0.04085183372825101
seen,persistence,Bull_assembly_Goldie,3352,4.326372315035799,6.584406979710702,0.8486212350756552,0.0671308083286271
seen,persistence,Bull_lodging_Lettie,3347,2.4744547355841053,3.4345648100913246,0.7644836376326043,0.06711561682023356
seen,persistence,Cockatoo_education_Amira,2435,3.4349965913757696,8.392766066315524,0.3921379830459145,0.07734317150960508
seen,persistence,Cockatoo_education_Claudine,3143,2.056198981864461,3.176939279406109,0.5957450761479228,0.05283814406017497
seen,persistence,Cockatoo_education_Jack,3143,1.0133232898504612,1.3977789148358846,0.7627100588927164,0.1417896289173147
seen,persistence,Cockatoo_education_June,3146,4.0508794342021615,5.49180101346344,0.8821302464811176,0.03975739618500031
seen,persistence,Cockatoo_education_Victoria,2998,0.45538138759172786,0.7338558792349206,0.6174240640827087,0.10160594795539035
seen,persistence,Eagle_assembly_Ian,3338,37.40203714799281,64.73127379458944,0.8244485078454735,0.0776322801248852
seen,persistence,Eagle_education_Eileen,3036,2.7536234519104084,3.928729507119571,0.8116925709353255,0.05822413400946748
seen,persistence,Eagle_education_Shanna,3321,14.84643179765131,24.134727983777825,0.6881471470231093,0.04971244318433884
seen,persistence,Eagle_health_Margo,2971,2.4620298552675868,3.2627748276351958,0.8217680401355378,0.04232524029448406
seen,persistence,Eagle_office_Patrice,3325,7.681834586466165,11.453928242330276,0.8045403153085721,0.08808468125036857
seen,persistence,Eagle_office_Sonya,3325,12.009624060150376,17.355980962998604,0.7571900280293384,0.06887238119548739
seen,persistence,Fox_education_Claire,3494,3.600646823125358,6.258200065476545,0.923328101717215,0.05663541348165451
seen,persistence,Fox_education_Gloria,3472,7.680480990783409,20.59339221331402,0.6802247795634753,0.011800605351530848
seen,persistence,Fox_education_Henrietta,3482,8.043897185525559,13.227995573284966,0.7004823815719409,0.13914069813445445
seen,persistence,Fox_education_Lilly,3469,9.597564139521475,15.327468048103656,0.8775623084223605,0.05200382792733148
seen,persistence,Fox_education_Shawanda,3483,1.0683548664944016,2.506614081677621,0.8823498192863536,0.11108878702071416
seen,persistence,Fox_education_Virgil,3488,2.1761697247706424,3.8580399192269414,0.807185837790593,0.024549002856042498
seen,persistence,Fox_lodging_Isabell,3483,0.5314699971289119,1.1386606943506172,0.6857222017398348,0.02099952478777957
seen,persistence,Gator_assembly_Kimberly,3314,10.543275769462884,80.335126569511,0.9386406514504034,0.007582715827661742
seen,persistence,Gator_public_Nettie,3145,0.1015362480127186,0.8316824198541386,0.956178708824544,0.007030792069333742
seen,persistence,Hog_health_Kesha,3472,5.290828917050692,8.410536881962837,0.9136306182543661,0.02155551688236535
seen,persistence,Hog_office_Eloise,3499,10.401723063732495,17.453149004129067,0.8819647046362762,0.03118677744208225
seen,persistence,Hog_office_Elsy,3483,1.3660815389032444,2.1357047922214476,0.8745378647125653,0.05304068485222035
seen,persistence,Hog_office_Emmanuel,3427,1.9530198424277794,2.817844431347539,0.8153971791421382,0.07080030195862565
seen,persistence,Hog_office_Mary,3504,2.310545091324201,4.492055708471757,0.910336391199241,0.07156883095841955
seen,persistence,Hog_warehouse_Porsha,3488,1.9051915137614677,5.1434388448588315,0.7712898279003121,0.1447541764327641
seen,persistence,Lamb_assembly_Rosa,3504,75.47455131278538,164.76885480969386,0.4008892439058048,0.5770062221241159
seen,persistence,Lamb_education_Ellen,3259,0.002178582387235348,0.04441844045103196,0.968999946122068,0.10944680037674366
seen,persistence,Lamb_education_Harold,3187,0.0,0.0,,0.0
seen,persistence,Lamb_education_Rodrigo,3496,3.7207183066361558,7.1557950995097,0.9310482752739827,0.08823560240195732
seen,persistence,Lamb_education_Stefan,3484,0.4840039035591275,1.9086397387005638,0.9446629657833219,0.15725318908092056
seen,persistence,Lamb_industrial_Willard,3248,0.0012315270935960593,0.040089186286863664,0.934658934811136,0.1491207467966999
seen,persistence,Lamb_office_Caitlin,3504,3.7135126141552512,10.726806888851568,0.9242025912846845,0.1302201969829653
seen,persistence,Lamb_public_Angeline,2927,1.8361114110010253,6.873677067406754,0.9344119170888208,0.1389461027326269
seen,persistence,Mouse_health_Justin,3134,38.959220389278876,54.71152788617452,0.9206500482652702,0.04420442972915019
seen,persistence,Panther_education_Mohammad,2806,7.542813791874555,10.854500211796992,0.9115581285132087,0.05114610722018729
seen,persistence,Panther_lodging_Edmond,2811,3.8205524368552113,5.029167893693374,0.898943382415337,0.08966934380268507
seen,persistence,Panther_office_Jeane,2811,2.4145545001778723,4.107284567314695,0.7241209787444935,0.11908879021138259
seen,persistence,Peacock_public_Kelvin,3487,16.180647175222255,23.836157897484412,0.8773333596365189,0.059832649010742534
seen,persistence,Rat_assembly_Teddy,3454,8.06033005211349,13.345336682731116,0.6777179912848927,0.10686583668666381
seen,persistence,Rat_education_Adrian,3449,4.652502174543346,8.366425213979934,0.9431767790674374,0.05935330285738805
seen,persistence,Rat_education_Kelsey,3473,5.848137057299164,9.223769704162589,0.9598501583509397,0.036591418770036646
seen,persistence,Rat_education_Marvin,3436,4.307581490104773,7.639904576517978,0.9388918415306013,0.07558383499648222
seen,persistence,Wolf_public_Norma,3499,11.707110031437553,18.94071684851761,0.9211300896883754,0.08751108111753389
seen,seasonal_naive,Bear_education_Gavin,3453,4.725605705183898,6.679938199748679,0.4689113821260541,0.05231908699635119
seen,seasonal_naive,Bear_education_Mara,3174,14.195404662885947,21.754981041100713,0.5102152049299284,0.02852061843693957
seen,seasonal_naive,Bear_education_Merrill,2586,3.4029105955143084,5.912445808211252,0.42304091375393715,0.16870449977829363
seen,seasonal_naive,Bear_education_Nanette,3156,14.017855513307984,21.02667022986945,0.8052659919648381,0.11784064259674557
seen,seasonal_naive,Bear_education_Wm,3483,5.2041877691645135,8.891624673448106,0.5237593373876104,0.10500784309470358
seen,seasonal_naive,Bear_education_Zandra,3408,17.073207951877936,26.959648285429104,0.4648288350982387,0.018507873420308962
seen,seasonal_naive,Bear_public_Lowell,3488,13.65697998853211,24.712109729229944,0.6285652182248723,0.06713479664959933
seen,seasonal_naive,Bull_assembly_Goldie,3352,9.24134844868735,13.596260278329696,0.3545381713168807,0.14339477655467395
seen,seasonal_naive,Bull_lodging_Lettie,3347,2.9871526740364507,4.171695998659126,0.6525414853559581,0.08102172627006703
seen,seasonal_naive,Cockatoo_education_Amira,2435,5.225989034907598,11.327994021624434,-0.10739049848921733,0.11766956836259558
seen,seasonal_naive,Cockatoo_education_Claudine,3143,2.7457445116131085,4.166064685669171,0.3048324240126057,0.07055739514348786
seen,seasonal_naive,Cockatoo_education_Jack,3143,1.5821375437480112,2.483711168790475,0.25078832022963415,0.2213811697324033
seen,seasonal_naive,Cockatoo_education_June,3146,6.657705562619199,9.845113833489396,0.6211962465931736,0.0653421169490482
seen,seasonal_naive,Cockatoo_education_Victoria,2998,0.7008561707805203,1.103866431799081,0.13437628278618863,0.15637695688253309
seen,seasonal_naive,Eagle_assembly_Ian,3338,108.70940683043739,170.50247701269782,-0.21797284061347155,0.22563902307988387
seen,seasonal_naive,Eagle_education_Eileen,3036,4.638859716732543,6.551974516847344,0.47626982598635037,0.09808661006673604
seen,seasonal_naive,Eagle_education_Shanna,3321,28.850948509485097,43.318578545638985,-0.004646554951992954,0.09660578098091961
seen,seasonal_naive,Eagle_health_Margo,2971,4.021080780881857,6.330826764858143,0.32898498839785273,0.06912719191045663
seen,seasonal_naive,Eagle_office_Patrice,3325,12.702526315789472,21.103903426845566,0.3364496851557469,0.14565504750284594
seen,seasonal_naive,Eagle_office_Sonya,3325,14.288721804511278,19.199467411159624,0.7028699665076918,0.08194247296898742
seen,seasonal_naive,Fox_education_Claire,3494,9.786960503720664,17.57660915564825,0.39520593386327685,0.15394138389160855
seen,seasonal_naive,Fox_education_Gloria,3472,15.738775921658988,30.158297623111842,0.31419180450765594,0.024181699504307964
seen,seasonal_naive,Fox_education_Henrietta,3482,12.000040206777713,17.681061632055094,0.46488026480656774,0.20757276398523267
seen,seasonal_naive,Fox_education_Lilly,3469,18.39315652925915,31.645128037498235,0.47809914500967254,0.09966221983860138
seen,seasonal_naive,Fox_education_Shawanda,3483,2.3910536893482632,5.015238335443066,0.5290218045609038,0.24862455573650347
seen,seasonal_naive,Fox_education_Virgil,3488,4.261393348623852,6.871520195239041,0.38833849335028625,0.0480720581190482
seen,seasonal_naive,Fox_lodging_Isabell,3483,1.0103646281940857,1.7267639040259424,0.27724523024467485,0.039921683574004295
seen,seasonal_naive,Gator_assembly_Kimberly,3314,253.17541182860592,393.5995273735697,-0.47291916169345716,0.18208356154430266
seen,seasonal_naive,Gator_public_Nettie,3145,2.4370819395866454,4.074412457249139,-0.05171994207275188,0.16875368854496148
seen,seasonal_naive,Hog_health_Kesha,3472,10.99011607142857,20.292120756372082,0.4972324402883629,0.04477514511070016
seen,seasonal_naive,Hog_office_Eloise,3499,13.194242069162618,26.571395186441453,0.7264145382812576,0.03955939688133536
seen,seasonal_naive,Hog_office_Elsy,3483,3.219405684754522,5.022332432876396,0.30618906280857794,0.12499948024596332
seen,seasonal_naive,Hog_office_Emmanuel,3427,1.909577181208054,2.7278315528531403,0.8270026682750166,0.06922543135801802
seen,seasonal_naive,Hog_office_Mary,3504,6.393129851598174,12.133871407306595,0.3457786340453102,0.19802635809285543
seen,seasonal_naive,Hog_warehouse_Porsha,3488,0.8355911697247708,2.137330431468147,0.9605068605800076,0.06348721938677654
seen,seasonal_naive,Lamb_assembly_Rosa,3504,109.05614851598173,218.43904884288494,-0.05297345719887736,0.8337389909591083
seen,seasonal_naive,Lamb_education_Ellen,3259,0.0021478981282602025,0.03877536189105321,0.976376319750876,0.10790529614608531
seen,seasonal_naive,Lamb_education_Harold,3187,0.0,0.0,,0.0
seen,seasonal_naive,Lamb_education_Rodrigo,3496,8.38383492562929,19.038230824274187,0.5119295468308253,0.19881986867483895
seen,seasonal_naive,Lamb_education_Stefan,3484,1.1275230769230769,4.895643047716451,0.6359278607138454,0.36633299505367645
seen,seasonal_naive,Lamb_industrial_Willard,3248,0.0007081280788177341,0.02877849840494375,0.9663280717704896,0.08574442940810244
seen,seasonal_naive,Lamb_office_Caitlin,3504,8.52453105022831,23.04706956526971,0.6500992611069055,0.2989261725722324
seen,seasonal_naive,Lamb_public_Angeline,2927,3.1484982576016396,9.68436648947008,0.8698065545995103,0.23825981350211756
seen,seasonal_naive,Mouse_health_Justin,3134,77.73687176132738,105.90037648221633,0.7027074756077778,0.08820284520075225
seen,seasonal_naive,Panther_education_Mohammad,2806,16.96951186742694,27.52289314871878,0.4313743723359982,0.11506640590552887
seen,seasonal_naive,Panther_lodging_Edmond,2811,4.680697331910353,6.237592711325985,0.8445443478971493,0.10985716469758958
seen,seasonal_naive,Panther_office_Jeane,2811,4.603704268943436,6.964337728293208,0.2068255117633817,0.22706034253485002
seen,seasonal_naive,Peacock_public_Kelvin,3487,21.483878720963578,34.476235017912366,0.7433781516983217,0.07944289007606505
seen,seasonal_naive,Rat_assembly_Teddy,3454,12.91754198031268,17.79945722173952,0.4266886887879322,0.171263946108417
seen,seasonal_naive,Rat_education_Adrian,3449,11.638274862278923,21.18838622009169,0.6355468216966327,0.14847280597051368
seen,seasonal_naive,Rat_education_Kelsey,3473,16.08174488914483,28.885867670038312,0.606234403207582,0.1006224471188026
seen,seasonal_naive,Rat_education_Marvin,3436,12.623518626309663,22.905933851668145,0.4506876892270101,0.22150107922921786
seen,seasonal_naive,Wolf_public_Norma,3499,32.70446964847099,56.07863321143215,0.3086254897155776,0.24446712199918014
seen,linear_regression,Bear_education_Gavin,3453,3.4990123906451798,4.408909920566538,0.7686419814108092,0.038738977622838275
seen,linear_regression,Bear_education_Mara,3174,4.676172965804055,7.029106042249295,0.9488685544654321,0.009395106942708016
seen,linear_regression,Bear_education_Merrill,2586,2.651122063400371,3.343490652196316,0.8154938283919062,0.1314334329402386
seen,linear_regression,Bear_education_Nanette,3156,9.745143042548928,15.499936927314577,0.8941817299102504,0.08192222535329675
seen,linear_regression,Bear_education_Wm,3483,2.7920920539352245,3.6641488444600374,0.9191257169683105,0.05633762218242714
seen,linear_regression,Bear_education_Zandra,3408,6.598672214588542,11.576898701704737,0.9013155493744913,0.007153160111089807
seen,linear_regression,Bear_public_Lowell,3488,7.423696902482127,11.74448270789195,0.9161060375014223,0.036493308356232435
seen,linear_regression,Bull_assembly_Goldie,3352,4.578292176465796,6.219087773382171,0.864952982606854,0.0710397608413494
seen,linear_regression,Bull_lodging_Lettie,3347,3.396107167147158,4.342008777880752,0.6235918248285566,0.09211396112157748
seen,linear_regression,Cockatoo_education_Amira,2435,5.1071217576726715,8.594291531334175,0.3625957811456487,0.11499312547087832
seen,linear_regression,Cockatoo_education_Claudine,3143,3.3819533788835274,4.382371774077605,0.2307705103760861,0.08690605404162313
seen,linear_regression,Cockatoo_education_Jack,3143,2.4990155560595957,2.9133622316500896,-0.03084016134371126,0.3496756582043792
seen,linear_regression,Cockatoo_education_June,3146,3.401168818707898,4.482283404178852,0.921481604824764,0.03338080493725479
seen,linear_regression,Cockatoo_education_Victoria,2998,2.5045203253835684,2.8749767532979438,-4.871712304197784,0.5588154649444939
seen,linear_regression,Eagle_assembly_Ian,3338,37.52506201361431,62.75307060938412,0.8350143464021912,0.07788763254840332
seen,linear_regression,Eagle_education_Eileen,3036,3.4322701874975485,4.336401656967448,0.7705847940864671,0.07257381513616602
seen,linear_regression,Eagle_education_Shanna,3321,14.643761850243962,23.3830554667465,0.707269870743345,0.04903381424622223
seen,linear_regression,Eagle_health_Margo,2971,3.196741067007134,3.849529872678016,0.7518999996695623,0.05495580548336482
seen,linear_regression,Eagle_office_Patrice,3325,7.694232356902534,10.610722175497866,0.8322594106071682,0.08822684177788459
seen,linear_regression,Eagle_office_Sonya,3325,11.521008573076854,15.79089280878723,0.7990067097662195,0.0660702858163815
seen,linear_regression,Fox_education_Claire,3494,3.6406167787913146,5.272284774136713,0.9455829430290641,0.05726411023453958
seen,linear_regression,Fox_education_Gloria,3472,6.806571236637491,19.554854612982297,0.7116644391704197,0.010457894636680495
seen,linear_regression,Fox_education_Henrietta,3482,8.158718404268056,12.335807328955477,0.7395229604939448,0.14112683795797534
seen,linear_regression,Fox_education_Lilly,3469,8.488731701508188,13.274595108309917,0.9081631749968352,0.04599568560408971
seen,linear_regression,Fox_education_Shawanda,3483,2.738758461296259,3.317810489335845,0.7938796837890187,0.28477930409625113
seen,linear_regression,Fox_education_Virgil,3488,2.4174248613297036,3.83775625928335,0.809207950569139,0.027270561275410513
seen,linear_regression,Fox_lodging_Isabell,3483,2.599654959034412,3.013679051986655,-1.2015017844152482,0.10271796911740938
seen,linear_regression,Gator_assembly_Kimberly,3314,23.866539940664943,83.72821803033,0.9333479560261364,0.017164797176581932
seen,linear_regression,Gator_public_Nettie,3145,2.619598507384131,2.9827965736202953,0.43633976430502674,0.18139189472756373
seen,linear_regression,Hog_health_Kesha,3472,4.881552374365865,6.587928691797243,0.9470080195027932,0.019888071655216194
seen,linear_regression,Hog_office_Eloise,3499,8.3377307207495,14.307130073719872,0.9206824393428108,0.024998449849780953
seen,linear_regression,Hog_office_Elsy,3483,2.366710763924662,2.897590102448364,0.7690573582431691,0.09189199633461757
seen,linear_regression,Hog_office_Emmanuel,3427,2.32460576396971,2.8822727749651036,0.8068590039914338,0.08427092569588332
seen,linear_regression,Hog_office_Mary,3504,2.8407021143250217,3.832001622451421,0.9347504807896371,0.08799037516590319
seen,linear_regression,Hog_warehouse_Porsha,3488,4.336285776571677,6.360011357362957,0.650301232119556,0.3294658158147403
seen,linear_regression,Lamb_assembly_Rosa,3504,78.72949377774941,155.61400217292044,0.465615054504965,0.6018903986084099
seen,linear_regression,Lamb_education_Ellen,3259,1.566005570165697,2.411387536411188,-90.36289655376713,78.67239725750996
seen,linear_regression,Lamb_education_Harold,3187,1.518334528803448,2.355721195037016,,5061.115096011494
seen,linear_regression,Lamb_education_Rodrigo,3496,4.105610403671833,6.172296152676368,0.9486993517990309,0.09736319101330787
seen,linear_regression,Lamb_education_Stefan,3484,1.9170895102685648,2.8241059758520817,0.878848182021506,0.6228636525996193
seen,linear_regression,Lamb_industrial_Willard,3248,1.290738973101798,2.0667764746822352,-172.66757761528177,156.29047918589904
seen,linear_regression,Lamb_office_Caitlin,3504,4.831574575397226,9.650571061433531,0.9386493087793488,0.1694268091477149
seen,linear_regression,Lamb_public_Angeline,2927,2.7807711980126713,6.206153574729811,0.9465322727276017,0.2104323943743427
seen,linear_regression,Mouse_health_Justin,3134,34.96982006778534,47.95165555034334,0.9390468446540466,0.0396779231817697
seen,linear_regression,Panther_education_Mohammad,2806,6.733180110255075,9.218459953268372,0.9362096466546683,0.04565616510683523
seen,linear_regression,Panther_lodging_Edmond,2811,4.022116184320455,5.091765851662964,0.8964120263542308,0.09440009655856028
seen,linear_regression,Panther_office_Jeane,2811,3.4123817070950255,4.483087935798604,0.6713273207258468,0.16830285222696886
seen,linear_regression,Peacock_public_Kelvin,3487,13.869093312100324,20.222454851152087,0.9117079272458134,0.05128500629510432
seen,linear_regression,Rat_assembly_Teddy,3454,8.275232323666348,13.018586859539194,0.693306421993832,0.10971506381593489
seen,linear_regression,Rat_education_Adrian,3449,5.007938352273443,7.515126099824095,0.9541521974455685,0.06388770398431659
seen,linear_regression,Rat_education_Kelsey,3473,5.2361636332153285,8.22977732460919,0.9680373261211802,0.03276234027591418
seen,linear_regression,Rat_education_Marvin,3436,4.245615659261031,6.151325848854524,0.9603848965791808,0.07449653922629834
seen,linear_regression,Wolf_public_Norma,3499,10.188707845771155,15.968977099449308,0.9439374665223763,0.07616096853790723
seen,xgboost,Bear_education_Gavin,3453,2.8950871639124665,3.7262186954229204,0.834743410515548,0.03205267782383921
seen,xgboost,Bear_education_Mara,3174,5.3549412663344995,7.419725366125497,0.9430277276668463,0.010758850503829088
seen,xgboost,Bear_education_Merrill,2586,1.7701079142500429,2.790554365401718,0.871473806153225,0.08775580840143071
seen,xgboost,Bear_education_Nanette,3156,9.625434585907794,15.358877840009294,0.8960989903296543,0.08091590013889689
seen,xgboost,Bear_education_Wm,3483,2.1063733194636507,3.05072626630185,0.9439377257286872,0.042501487040814134
seen,xgboost,Bear_education_Zandra,3408,10.920187905554254,15.446521414055463,0.8243186569091236,0.011837813728483072
seen,xgboost,Bear_public_Lowell,3488,6.270571272382823,10.032717947779457,0.9387790410546867,0.030824789053050927
seen,xgboost,Bull_assembly_Goldie,3352,4.076130604687056,6.090845583247176,0.8704650973874452,0.06324789510017781
seen,xgboost,Bull_lodging_Lettie,3347,2.3394061402844284,3.2391020557030936,0.7905275479589751,0.06345264022829993
seen,xgboost,Cockatoo_education_Amira,2435,3.6072582907624606,8.192289759930473,0.420830903909569,0.0812218554633684
seen,xgboost,Cockatoo_education_Claudine,3143,2.0952696068176597,3.2371096580431624,0.5802871046081624,0.053842141887236565
seen,xgboost,Cockatoo_education_Jack,3143,0.9803229080393175,1.3467862757504792,0.7797074942673274,0.13717203852143792
seen,xgboost,Cockatoo_education_June,3146,3.1545413260506585,4.274056296864982,0.9286073888817935,0.030960276976610034
seen,xgboost,Cockatoo_education_Victoria,2998,0.5358999480876706,0.789458928095313,0.5572534612007012,0.11957147068011034
seen,xgboost,Eagle_assembly_Ian,3338,36.20000580387104,61.52122132434429,0.8414281416561133,0.075137324204262
seen,xgboost,Eagle_education_Eileen,3036,2.618707990388531,3.702163048873312,0.8327853668708436,0.05537140703034872
seen,xgboost,Eagle_education_Shanna,3321,14.578320550042726,23.097977158931403,0.7143640938880965,0.04881468772730488
seen,xgboost,Eagle_health_Margo,2971,2.337662344441499,3.0140793629780593,0.8479029665796772,0.04018721391382146
seen,xgboost,Eagle_office_Patrice,3325,7.048793271631226,10.306287407865408,0.8417466994355896,0.08082583678972503
seen,xgboost,Eagle_office_Sonya,3325,11.166329930814586,15.608502632847946,0.8036229767365893,0.0640362868727477
seen,xgboost,Fox_education_Claire,3494,2.811597265299212,5.072746014329622,0.9496240131503414,0.04422426899561709
seen,xgboost,Fox_education_Gloria,3472,8.246152108188047,20.50260855744308,0.68303795135373,0.01266972560887696
seen,xgboost,Fox_education_Henrietta,3482,7.288988767949278,11.977870376411007,0.7544197089281662,0.12608253965399183
seen,xgboost,Fox_education_Lilly,3469,8.172217317274924,12.752684421264528,0.9152426207814085,0.044280671321829064
seen,xgboost,Fox_education_Shawanda,3483,1.148646283835609,2.358775212434961,0.8958184633415732,0.11943758238856436
seen,xgboost,Fox_education_Virgil,3488,1.7069105150284023,3.3663194855756675,0.8532033456583578,0.01925536902359837
seen,xgboost,Fox_lodging_Isabell,3483,0.7708285830440516,1.259707972590789,0.6153508305067361,0.03045709828251374
seen,xgboost,Gator_assembly_Kimberly,3314,47.61122333192428,90.93704517016896,0.9213766666224467,0.03424195521651542
seen,xgboost,Gator_public_Nettie,3145,0.41780428104443096,0.9271706545929506,0.9455385146430795,0.028930505934520206
seen,xgboost,Hog_health_Kesha,3472,3.2620977339151276,4.388660942638619,0.9764832971953556,0.013290205349246144
seen,xgboost,Hog_office_Eloise,3499,5.8458241000288576,11.18230228201566,0.9515463213986519,0.0175271360385306
seen,xgboost,Hog_office_Elsy,3483,1.2056968033489674,1.8305663828180172,0.9078275364084276,0.04681344586876197
seen,xgboost,Hog_office_Emmanuel,3427,1.649920417275831,2.347656599978644,0.8718633249717767,0.05981243058217938
seen,xgboost,Hog_office_Mary,3504,1.8904817353514232,3.8385949159256527,0.9345257526303585,0.05855742363798832
seen,xgboost,Hog_warehouse_Porsha,3488,2.1196738207285555,4.7270528885694345,0.806821298460235,0.16105028602603158
seen,xgboost,Lamb_assembly_Rosa,3504,61.06219128825668,130.89406995262672,0.6219085874200099,0.46682310390745674
seen,xgboost,Lamb_education_Ellen,3259,0.09632662914406946,0.17550322986219408,0.5160437944970041,4.839220867967426
seen,xgboost,Lamb_education_Harold,3187,0.09538236246183164,0.1712597946589736,,317.9412082061055
seen,xgboost,Lamb_education_Rodrigo,3496,2.785500864692667,5.567345731722343,0.9582625679818174,0.06605723049470433
seen,xgboost,Lamb_education_Stefan,3484,0.5232154494483131,1.6479225309253027,0.9587483296007893,0.16999304633108842
seen,xgboost,Lamb_industrial_Willard,3248,0.09557852598134832,0.17390559767271363,-0.2295858316898065,11.573225831717952
seen,xgboost,Lamb_office_Caitlin,3504,3.2636026800107802,9.044033731424562,0.9461187352754443,0.11444339309503414
seen,xgboost,Lamb_public_Angeline,2927,1.7029501999770906,5.936826777541442,0.9510722277103326,0.12886924617802084
seen,xgboost,Mouse_health_Justin,3134,30.400147841030332,42.60602784401105,0.9518793955061168,0.0344930207937222
seen,xgboost,Panther_education_Mohammad,2806,6.379819531180395,8.909710922078379,0.9404110836063668,0.043260107274384146
seen,xgboost,Panther_lodging_Edmond,2811,3.5656437500341975,4.68336070503484,0.9123629591238306,0.0836865716631515
seen,xgboost,Panther_office_Jeane,2811,2.352706690482863,3.9627564298298306,0.7431947792879008,0.1160383803600995
seen,xgboost,Peacock_public_Kelvin,3487,11.113104906015312,15.73089577760833,0.9465729898706934,0.04109393759474529
seen,xgboost,Rat_assembly_Teddy,3454,7.925374993930059,12.97050737479228,0.6955675645344654,0.10507656935956618
seen,xgboost,Rat_education_Adrian,3449,4.050984857459109,7.075398912036073,0.9593605481344568,0.05167957415066939
seen,xgboost,Rat_education_Kelsey,3473,4.9809062590682815,7.869861846436496,0.9707718618432477,0.031165211244901337
seen,xgboost,Rat_education_Marvin,3436,3.2540859845131465,5.817982447676249,0.9645620867118178,0.05709846666460272
seen,xgboost,Wolf_public_Norma,3499,8.238428080063542,14.516782677872499,0.953670322811487,0.06158255505068328
